rep,n_trajectories,parameter_dim,events_per_trajectory,endpoints_per_trajectory,n_operator_rows,design_build_runtime_seconds,exact_runtime_seconds,approximate_runtime_seconds,exact_peak_python_bytes,approximate_peak_python_bytes,input_matrix_bytes,target_discrepancy,status_agreement,config_sha256,exact_weight_strategy,approximate_weight_strategy
0,250,3,5,4,1000,7.324999751290306e-05,0.2373607909976272,0.20115066599828424,1583644,851428,32024,8.881784197001252e-16,1,ee9e76f4c5bcba279c893f17d4b92ce3a4ff062ee7e6c1c68fe7af76e8ef3e43,certificate_optimal,certificate_optimal
0,1000,10,1,1,1000,6.0040998505428433e-05,0.5515416249982081,0.4746348749977187,3564796,1895234,88080,1.887379141862766e-15,1,ee9e76f4c5bcba279c893f17d4b92ce3a4ff062ee7e6c1c68fe7af76e8ef3e43,certificate_optimal,certificate_optimal
0,250,10,5,4,1000,0.00021504200412891805,0.5482284580066334,0.46962645900202915,3565033,1895542,88080,2.55351295663786e-15,1,ee9e76f4c5bcba279c893f17d4b92ce3a4ff062ee7e6c1c68fe7af76e8ef3e43,certificate_optimal,certificate_optimal
0,1000,10,5,1,1000,0.0002132499939762056,0.5455073330012965,0.47272112499922514,3564987,1895532,88080,1.1102230246251565e-15,1,ee9e76f4c5bcba279c893f17d4b92ce3a4ff062ee7e6c1c68fe7af76e8ef3e43,certificate_optimal,certificate_optimal
0,1000,10,20,1,1000,0.0008054580030147918,0.5480802079982823,0.4727224159942125,3564408,1895078,88080,1.5543122344752192e-15,1,ee9e76f4c5bcba279c893f17d4b92ce3a4ff062ee7e6c1c68fe7af76e8ef3e43,certificate_optimal,certificate_optimal
0,250,30,5,4,1000,0.0006886669943924062,1.4460864159991615,1.25042904199654,9082835,4655384,248240,2.6645352591003757e-15,1,ee9e76f4c5bcba279c893f17d4b92ce3a4ff062ee7e6c1c68fe7af76e8ef3e43,certificate_optimal,certificate_optimal
0,250,60,5,4,1000,0.0012201249992358498,2.8632874169998104,2.5211311660023057,17423006,8928101,488480,2.220446049250313e-16,1,ee9e76f4c5bcba279c893f17d4b92ce3a4ff062ee7e6c1c68fe7af76e8ef3e43,certificate_optimal,certificate_optimal
0,500,3,5,4,2000,0.00014275000285124406,0.49629266600095434,0.21785300000192365,3154141,851495,64024,1.3322676295501878e-15,1,ee9e76f4c5bcba279c893f17d4b92ce3a4ff062ee7e6c1c68fe7af76e8ef3e43,certificate_optimal,certificate_optimal
0,500,10,5,4,2000,0.00045954099914524704,1.1667565000025206,0.5009356250011479,7116339,1895271,176080,6.661338147750939e-16,1,ee9e76f4c5bcba279c893f17d4b92ce3a4ff062ee7e6c1c68fe7af76e8ef3e43,certificate_optimal,certificate_optimal
0,500,30,5,4,2000,0.0013225840011727996,3.1066261250016396,1.3539809159992728,18150180,4655204,496240,1.1102230246251565e-15,1,ee9e76f4c5bcba279c893f17d4b92ce3a4ff062ee7e6c1c68fe7af76e8ef3e43,certificate_optimal,certificate_optimal
0,500,60,5,4,2000,0.002400541998213157,6.145821792000788,2.378118665998045,34826710,8928928,976480,2.7755575615628914e-15,1,ee9e76f4c5bcba279c893f17d4b92ce3a4ff062ee7e6c1c68fe7af76e8ef3e43,certificate_optimal,certificate_optimal
0,1000,3,5,4,4000,0.00030249999690568075,0.9359623329946771,0.1975003330007894,6305436,851231,128024,2.220446049250313e-15,1,ee9e76f4c5bcba279c893f17d4b92ce3a4ff062ee7e6c1c68fe7af76e8ef3e43,certificate_optimal,certificate_optimal
0,1000,10,1,4,4000,0.00017729200044414029,2.1930979999960982,0.46536758299771463,14230826,1895114,352080,2.220446049250313e-15,1,ee9e76f4c5bcba279c893f17d4b92ce3a4ff062ee7e6c1c68fe7af76e8ef3e43,certificate_optimal,certificate_optimal
0,1000,10,5,4,4000,0.0009540829996694811,2.1820744590004324,0.4671965840025223,14230400,1894637,352080,1.5543122344752192e-15,1,ee9e76f4c5bcba279c893f17d4b92ce3a4ff062ee7e6c1c68fe7af76e8ef3e43,certificate_optimal,certificate_optimal
0,1000,10,20,4,4000,0.003115332998277154,2.1858795839943923,0.4813764170030481,14230163,1895141,352080,2.220446049250313e-16,1,ee9e76f4c5bcba279c893f17d4b92ce3a4ff062ee7e6c1c68fe7af76e8ef3e43,certificate_optimal,certificate_optimal
0,1000,30,5,4,4000,0.002372542003286071,5.76888995799527,1.2472730409936048,36292866,4655319,992240,1.7763568394002505e-15,1,ee9e76f4c5bcba279c893f17d4b92ce3a4ff062ee7e6c1c68fe7af76e8ef3e43,certificate_optimal,certificate_optimal
0,1000,60,5,4,4000,0.005514625001524109,10.7545492499994,2.2889102500048466,69645171,8928524,1952480,1.9984014443252818e-15,1,ee9e76f4c5bcba279c893f17d4b92ce3a4ff062ee7e6c1c68fe7af76e8ef3e43,certificate_optimal,certificate_optimal
0,2000,3,5,4,8000,0.0004901659995084628,1.816646209001192,0.1925783330007107,12610140,851426,256024,4.440892098500626e-16,1,ee9e76f4c5bcba279c893f17d4b92ce3a4ff062ee7e6c1c68fe7af76e8ef3e43,certificate_optimal,certificate_optimal
0,2000,10,5,4,8000,0.0015959999946062453,4.211805915998411,0.4487613750025048,28458875,1895095,704080,4.440892098500626e-16,1,ee9e76f4c5bcba279c893f17d4b92ce3a4ff062ee7e6c1c68fe7af76e8ef3e43,certificate_optimal,certificate_optimal
0,2000,30,5,4,8000,0.004633374999684747,11.036445457997615,1.177971457997046,72582787,4655480,1984240,0.0,1,ee9e76f4c5bcba279c893f17d4b92ce3a4ff062ee7e6c1c68fe7af76e8ef3e43,certificate_optimal,certificate_optimal
0,2000,60,5,4,8000,0.009430582998902537,21.412262707999616,2.276688166995882,139281762,8928376,3904480,2.220446049250313e-16,1,ee9e76f4c5bcba279c893f17d4b92ce3a4ff062ee7e6c1c68fe7af76e8ef3e43,certificate_optimal,certificate_optimal
0,1000,10,1,12,12000,0.0005089589976705611,6.410429832998489,0.47541020800417755,42707180,1895204,1056080,4.440892098500626e-16,1,ee9e76f4c5bcba279c893f17d4b92ce3a4ff062ee7e6c1c68fe7af76e8ef3e43,certificate_optimal,certificate_optimal
0,1000,10,5,12,12000,0.0023361249986919574,6.344856916002755,0.4693171250037267,42708798,1895340,1056080,3.9968028886505635e-15,1,ee9e76f4c5bcba279c893f17d4b92ce3a4ff062ee7e6c1c68fe7af76e8ef3e43,certificate_optimal,certificate_optimal
0,1000,10,20,12,12000,0.009151250000286382,6.3314237910017255,0.4451487080004881,42705726,1895096,1056080,1.1102230246251565e-15,1,ee9e76f4c5bcba279c893f17d4b92ce3a4ff062ee7e6c1c68fe7af76e8ef3e43,certificate_optimal,certificate_optimal
0,5000,3,5,4,20000,0.0011847499990835786,4.553632208000636,0.18900529199891025,31536464,851227,640024,2.220446049250313e-15,1,ee9e76f4c5bcba279c893f17d4b92ce3a4ff062ee7e6c1c68fe7af76e8ef3e43,certificate_optimal,certificate_optimal
0,5000,10,5,4,20000,0.0038240830035647377,10.48596974999964,0.4437899999975343,71161587,1895216,1760080,3.774758283725532e-15,1,ee9e76f4c5bcba279c893f17d4b92ce3a4ff062ee7e6c1c68fe7af76e8ef3e43,certificate_optimal,certificate_optimal
0,5000,30,5,4,20000,0.011666499995044433,27.380725000002712,1.173480916004337,181463806,4655858,4960240,1.3322676295501878e-15,1,ee9e76f4c5bcba279c893f17d4b92ce3a4ff062ee7e6c1c68fe7af76e8ef3e43,certificate_optimal,certificate_optimal
0,5000,60,5,4,20000,0.024200667001423426,53.910337332999916,2.3622483750004903,348212444,8928081,9760480,2.55351295663786e-15,1,ee9e76f4c5bcba279c893f17d4b92ce3a4ff062ee7e6c1c68fe7af76e8ef3e43,certificate_optimal,certificate_optimal
1,250,3,5,4,1000,8.962499850895256e-05,0.22432187499362044,0.19104020799568389,1582181,851313,32024,6.661338147750939e-16,1,ee9e76f4c5bcba279c893f17d4b92ce3a4ff062ee7e6c1c68fe7af76e8ef3e43,certificate_optimal,certificate_optimal
1,1000,10,1,1,1000,5.624999903375283e-05,0.526156958003412,0.4492960409988882,3564777,1895576,88080,2.4424906541753444e-15,1,ee9e76f4c5bcba279c893f17d4b92ce3a4ff062ee7e6c1c68fe7af76e8ef3e43,certificate_optimal,certificate_optimal
1,250,10,5,4,1000,0.0002127920015482232,0.52429604200006,0.45565970800089417,3565070,1895440,88080,8.881784197001252e-16,1,ee9e76f4c5bcba279c893f17d4b92ce3a4ff062ee7e6c1c68fe7af76e8ef3e43,certificate_optimal,certificate_optimal
1,1000,10,5,1,1000,0.00021062500309199095,0.5364187500017579,0.46911895900120726,3564994,1895600,88080,1.3322676295501878e-15,1,ee9e76f4c5bcba279c893f17d4b92ce3a4ff062ee7e6c1c68fe7af76e8ef3e43,certificate_optimal,certificate_optimal
1,1000,10,20,1,1000,0.0007876669988036156,0.5302954579965444,0.45634433300438104,3564999,1895396,88080,9.992007221626409e-16,1,ee9e76f4c5bcba279c893f17d4b92ce3a4ff062ee7e6c1c68fe7af76e8ef3e43,certificate_optimal,certificate_optimal
1,250,30,5,4,1000,0.0005947500030742958,1.4208605840030941,1.1859509169953526,9082170,4655324,248240,1.1102230246251565e-15,1,ee9e76f4c5bcba279c893f17d4b92ce3a4ff062ee7e6c1c68fe7af76e8ef3e43,certificate_optimal,certificate_optimal
1,250,60,5,4,1000,0.0011589159985305741,2.6769499580041156,2.3727592499999446,17423831,8928193,488480,1.1102230246251565e-15,1,ee9e76f4c5bcba279c893f17d4b92ce3a4ff062ee7e6c1c68fe7af76e8ef3e43,certificate_optimal,certificate_optimal
1,500,3,5,4,2000,0.00016266699822153896,0.4724927499992191,0.20468433300266042,3153766,850780,64024,1.3322676295501878e-15,1,ee9e76f4c5bcba279c893f17d4b92ce3a4ff062ee7e6c1c68fe7af76e8ef3e43,certificate_optimal,certificate_optimal
1,500,10,5,4,2000,0.0004027920003863983,1.0456571249960689,0.4582390409996151,7117259,1895690,176080,4.440892098500626e-16,1,ee9e76f4c5bcba279c893f17d4b92ce3a4ff062ee7e6c1c68fe7af76e8ef3e43,certificate_optimal,certificate_optimal
1,500,30,5,4,2000,0.001259165997907985,2.787596999995003,1.209121709005558,18150064,4655535,496240,1.3322676295501878e-15,1,ee9e76f4c5bcba279c893f17d4b92ce3a4ff062ee7e6c1c68fe7af76e8ef3e43,certificate_optimal,certificate_optimal
1,500,60,5,4,2000,0.0023988750035641715,5.47378624999692,2.348453165999672,34827671,8927872,976480,1.7763568394002505e-15,1,ee9e76f4c5bcba279c893f17d4b92ce3a4ff062ee7e6c1c68fe7af76e8ef3e43,certificate_optimal,certificate_optimal
1,1000,3,5,4,4000,0.0002547920012148097,0.9005478339968249,0.1884542500047246,6304627,851062,128024,1.1102230246251565e-15,1,ee9e76f4c5bcba279c893f17d4b92ce3a4ff062ee7e6c1c68fe7af76e8ef3e43,certificate_optimal,certificate_optimal
1,1000,10,1,4,4000,0.0001789579982869327,2.142008041999361,0.4616842089963029,14230466,1895344,352080,2.7755575615628914e-15,1,ee9e76f4c5bcba279c893f17d4b92ce3a4ff062ee7e6c1c68fe7af76e8ef3e43,certificate_optimal,certificate_optimal
1,1000,10,5,4,4000,0.0008600840010331012,2.140335750002123,0.46609791700029746,14230432,1895447,352080,6.661338147750939e-16,1,ee9e76f4c5bcba279c893f17d4b92ce3a4ff062ee7e6c1c68fe7af76e8ef3e43,certificate_optimal,certificate_optimal
1,1000,10,20,4,4000,0.003050833001907449,2.152611124998657,0.4816776250008843,14232608,1894979,352080,0.0,1,ee9e76f4c5bcba279c893f17d4b92ce3a4ff062ee7e6c1c68fe7af76e8ef3e43,certificate_optimal,certificate_optimal
1,1000,30,5,4,4000,0.002320125000551343,5.6915057500009425,1.189150875004998,36293404,4656057,992240,1.1102230246251565e-15,1,ee9e76f4c5bcba279c893f17d4b92ce3a4ff062ee7e6c1c68fe7af76e8ef3e43,certificate_optimal,certificate_optimal
1,1000,60,5,4,4000,0.005419250002887566,10.88868354200531,2.2978077919979114,69647492,8928420,1952480,2.220446049250313e-15,1,ee9e76f4c5bcba279c893f17d4b92ce3a4ff062ee7e6c1c68fe7af76e8ef3e43,certificate_optimal,certificate_optimal
1,2000,3,5,4,8000,0.0005004580016247928,1.81452929200168,0.19264062499860302,12609143,850924,256024,1.3322676295501878e-15,1,ee9e76f4c5bcba279c893f17d4b92ce3a4ff062ee7e6c1c68fe7af76e8ef3e43,certificate_optimal,certificate_optimal
1,2000,10,5,4,8000,0.0015402499993797392,4.277863208997587,0.44913341700157616,28460209,1895216,704080,1.9984014443252818e-15,1,ee9e76f4c5bcba279c893f17d4b92ce3a4ff062ee7e6c1c68fe7af76e8ef3e43,certificate_optimal,certificate_optimal
1,2000,30,5,4,8000,0.004615541001840029,11.348057791998144,1.2912416660037707,72584485,4654881,1984240,1.5543122344752192e-15,1,ee9e76f4c5bcba279c893f17d4b92ce3a4ff062ee7e6c1c68fe7af76e8ef3e43,certificate_optimal,certificate_optimal
1,2000,60,5,4,8000,0.009803417000512127,21.716035416000523,2.414960708003491,139280086,8928131,3904480,2.220446049250313e-15,1,ee9e76f4c5bcba279c893f17d4b92ce3a4ff062ee7e6c1c68fe7af76e8ef3e43,certificate_optimal,certificate_optimal
1,1000,10,1,12,12000,0.0005101670030853711,6.36474279200047,0.45586670800548745,42708418,1895026,1056080,4.440892098500626e-16,1,ee9e76f4c5bcba279c893f17d4b92ce3a4ff062ee7e6c1c68fe7af76e8ef3e43,certificate_optimal,certificate_optimal
1,1000,10,5,12,12000,0.0023125420048017986,6.5639049999954295,0.45241533299849834,42706847,1895240,1056080,2.220446049250313e-16,1,ee9e76f4c5bcba279c893f17d4b92ce3a4ff062ee7e6c1c68fe7af76e8ef3e43,certificate_optimal,certificate_optimal
1,1000,10,20,12,12000,0.00909062499704305,6.546977958001662,0.45934691699949326,42709714,1894666,1056080,1.3322676295501878e-15,1,ee9e76f4c5bcba279c893f17d4b92ce3a4ff062ee7e6c1c68fe7af76e8ef3e43,certificate_optimal,certificate_optimal
1,5000,3,5,4,20000,0.0011884159976034425,4.885369625000749,0.20040824999887263,31538124,851257,640024,4.440892098500626e-16,1,ee9e76f4c5bcba279c893f17d4b92ce3a4ff062ee7e6c1c68fe7af76e8ef3e43,certificate_optimal,certificate_optimal
1,5000,10,5,4,20000,0.0038889999996172264,10.87674524999602,0.4640383749938337,71162974,1895483,1760080,4.440892098500626e-16,1,ee9e76f4c5bcba279c893f17d4b92ce3a4ff062ee7e6c1c68fe7af76e8ef3e43,certificate_optimal,certificate_optimal
1,5000,30,5,4,20000,0.013708583996049128,28.343502874995465,1.2538974580020295,181470865,4656572,4960240,1.887379141862766e-15,1,ee9e76f4c5bcba279c893f17d4b92ce3a4ff062ee7e6c1c68fe7af76e8ef3e43,certificate_optimal,certificate_optimal
1,5000,60,5,4,20000,0.02360016699822154,53.77926095799921,2.276953125001455,348207426,8929120,9760480,8.881784197001252e-16,1,ee9e76f4c5bcba279c893f17d4b92ce3a4ff062ee7e6c1c68fe7af76e8ef3e43,certificate_optimal,certificate_optimal
2,250,3,5,4,1000,7.47500016586855e-05,0.22323687499738298,0.1906236249997164,1582608,851178,32024,1.1102230246251565e-15,1,ee9e76f4c5bcba279c893f17d4b92ce3a4ff062ee7e6c1c68fe7af76e8ef3e43,certificate_optimal,certificate_optimal
2,1000,10,1,1,1000,5.595899710897356e-05,0.5211988329974702,0.4488095830020029,3564551,1895808,88080,1.1102230246251565e-15,1,ee9e76f4c5bcba279c893f17d4b92ce3a4ff062ee7e6c1c68fe7af76e8ef3e43,certificate_optimal,certificate_optimal
2,250,10,5,4,1000,0.00021637500321958214,0.5196957500011194,0.4476352079946082,3564353,1895104,88080,2.220446049250313e-16,1,ee9e76f4c5bcba279c893f17d4b92ce3a4ff062ee7e6c1c68fe7af76e8ef3e43,certificate_optimal,certificate_optimal
2,1000,10,5,1,1000,0.00021216700406512246,0.5183022920027724,0.44625320799968904,3564237,1894848,88080,8.881784197001252e-16,1,ee9e76f4c5bcba279c893f17d4b92ce3a4ff062ee7e6c1c68fe7af76e8ef3e43,certificate_optimal,certificate_optimal
2,1000,10,20,1,1000,0.0007858329990995117,0.5221714170038467,0.448993750003865,3565475,1895707,88080,2.220446049250313e-16,1,ee9e76f4c5bcba279c893f17d4b92ce3a4ff062ee7e6c1c68fe7af76e8ef3e43,certificate_optimal,certificate_optimal
2,250,30,5,4,1000,0.0005889160020160489,1.362642499996582,1.1757450829973095,9082744,4656368,248240,4.440892098500626e-16,1,ee9e76f4c5bcba279c893f17d4b92ce3a4ff062ee7e6c1c68fe7af76e8ef3e43,certificate_optimal,certificate_optimal
2,250,60,5,4,1000,0.0011676659996737726,2.620397666003555,2.275796583002375,17422200,8928085,488480,4.551914400963142e-15,1,ee9e76f4c5bcba279c893f17d4b92ce3a4ff062ee7e6c1c68fe7af76e8ef3e43,certificate_optimal,certificate_optimal
2,500,3,5,4,2000,0.00013545800175052136,0.44873850000294624,0.19083333299931837,3153415,851151,64024,4.440892098500626e-16,1,ee9e76f4c5bcba279c893f17d4b92ce3a4ff062ee7e6c1c68fe7af76e8ef3e43,certificate_optimal,certificate_optimal
2,500,10,5,4,2000,0.00042100000428035855,1.0403327499952866,0.44508829199912725,7117758,1895121,176080,4.440892098500626e-16,1,ee9e76f4c5bcba279c893f17d4b92ce3a4ff062ee7e6c1c68fe7af76e8ef3e43,certificate_optimal,certificate_optimal
2,500,30,5,4,2000,0.0011774159938795492,2.722081749998324,1.1847756669958471,18149041,4655947,496240,4.440892098500626e-16,1,ee9e76f4c5bcba279c893f17d4b92ce3a4ff062ee7e6c1c68fe7af76e8ef3e43,certificate_optimal,certificate_optimal
2,500,60,5,4,2000,0.002296874998137355,5.266313583000738,2.282390624997788,34831327,8929004,976480,4.440892098500626e-16,1,ee9e76f4c5bcba279c893f17d4b92ce3a4ff062ee7e6c1c68fe7af76e8ef3e43,certificate_optimal,certificate_optimal
2,1000,3,5,4,4000,0.000255000006291084,0.9020568749983795,0.19253345800098032,6305345,851439,128024,1.1102230246251565e-15,1,ee9e76f4c5bcba279c893f17d4b92ce3a4ff062ee7e6c1c68fe7af76e8ef3e43,certificate_optimal,certificate_optimal
2,1000,10,1,4,4000,0.00017745900549925864,2.0840324589953525,0.4486088340054266,14231322,1895675,352080,2.220446049250313e-15,1,ee9e76f4c5bcba279c893f17d4b92ce3a4ff062ee7e6c1c68fe7af76e8ef3e43,certificate_optimal,certificate_optimal
2,1000,10,5,4,4000,0.0007895419985288754,2.0722888329910347,0.44807729199237656,14230674,1895423,352080,2.220446049250313e-15,1,ee9e76f4c5bcba279c893f17d4b92ce3a4ff062ee7e6c1c68fe7af76e8ef3e43,certificate_optimal,certificate_optimal
2,1000,10,20,4,4000,0.003037000002223067,2.0955523750017164,0.44708691599953454,14230015,1895119,352080,6.661338147750939e-16,1,ee9e76f4c5bcba279c893f17d4b92ce3a4ff062ee7e6c1c68fe7af76e8ef3e43,certificate_optimal,certificate_optimal
2,1000,30,5,4,4000,0.002311750009539537,5.431133082995075,1.1819288330007112,36294214,4656015,992240,8.881784197001252e-16,1,ee9e76f4c5bcba279c893f17d4b92ce3a4ff062ee7e6c1c68fe7af76e8ef3e43,certificate_optimal,certificate_optimal
2,1000,60,5,4,4000,0.004614042001776397,10.42714995899587,2.2716827090043807,69646825,8928170,1952480,2.7755575615628914e-15,1,ee9e76f4c5bcba279c893f17d4b92ce3a4ff062ee7e6c1c68fe7af76e8ef3e43,certificate_optimal,certificate_optimal
2,2000,3,5,4,8000,0.0004809159872820601,1.8125043750042096,0.19327658400288783,12609865,850960,256024,6.661338147750939e-16,1,ee9e76f4c5bcba279c893f17d4b92ce3a4ff062ee7e6c1c68fe7af76e8ef3e43,certificate_optimal,certificate_optimal
2,2000,10,5,4,8000,0.001557708004838787,4.1903120419883635,0.44727804099966306,28459461,1894880,704080,1.3322676295501878e-15,1,ee9e76f4c5bcba279c893f17d4b92ce3a4ff062ee7e6c1c68fe7af76e8ef3e43,certificate_optimal,certificate_optimal
2,2000,30,5,4,8000,0.004707459011115134,10.941560665989527,1.190877041008207,72581569,4655867,1984240,8.881784197001252e-16,1,ee9e76f4c5bcba279c893f17d4b92ce3a4ff062ee7e6c1c68fe7af76e8ef3e43,certificate_optimal,certificate_optimal
2,2000,60,5,4,8000,0.010090665993629955,21.098736792002455,2.2668111660022987,139288063,8929792,3904480,1.6653345369377348e-15,1,ee9e76f4c5bcba279c893f17d4b92ce3a4ff062ee7e6c1c68fe7af76e8ef3e43,certificate_optimal,certificate_optimal
2,1000,10,1,12,12000,0.0005143750022398308,6.487293290992966,0.4525605000089854,42709762,1895238,1056080,6.661338147750939e-16,1,ee9e76f4c5bcba279c893f17d4b92ce3a4ff062ee7e6c1c68fe7af76e8ef3e43,certificate_optimal,certificate_optimal
2,1000,10,5,12,12000,0.002330041999812238,6.433850041998085,0.4615061670046998,42709669,1895352,1056080,1.9984014443252818e-15,1,ee9e76f4c5bcba279c893f17d4b92ce3a4ff062ee7e6c1c68fe7af76e8ef3e43,certificate_optimal,certificate_optimal
2,1000,10,20,12,12000,0.009278875004383735,6.407407666993095,0.4493308329983847,42709062,1895611,1056080,4.440892098500626e-16,1,ee9e76f4c5bcba279c893f17d4b92ce3a4ff062ee7e6c1c68fe7af76e8ef3e43,certificate_optimal,certificate_optimal
2,5000,3,5,4,20000,0.0011797909974120557,4.655100292002317,0.19081937499868218,31535457,850922,640024,1.887379141862766e-15,1,ee9e76f4c5bcba279c893f17d4b92ce3a4ff062ee7e6c1c68fe7af76e8ef3e43,certificate_optimal,certificate_optimal
2,5000,10,5,4,20000,0.0038685410108882934,10.495733167001163,0.4465888749982696,71159939,1895545,1760080,8.881784197001252e-16,1,ee9e76f4c5bcba279c893f17d4b92ce3a4ff062ee7e6c1c68fe7af76e8ef3e43,certificate_optimal,certificate_optimal
2,5000,30,5,4,20000,0.012958292005350813,27.38875095799449,1.1800623330054805,181467049,4655363,4960240,1.1102230246251565e-15,1,ee9e76f4c5bcba279c893f17d4b92ce3a4ff062ee7e6c1c68fe7af76e8ef3e43,certificate_optimal,certificate_optimal
2,5000,60,5,4,20000,0.025578582994057797,52.732823250000365,2.278401416988345,348203814,8927008,9760480,2.220446049250313e-15,1,ee9e76f4c5bcba279c893f17d4b92ce3a4ff062ee7e6c1c68fe7af76e8ef3e43,certificate_optimal,certificate_optimal
